{
  "employees": [
    {
      "id": 0,
      "first_name": "Silicus",
      "last_name": "Admin",
      "user_name": "admin",
      "password": "admin",
      "address": "Pune IT Park, Bhau Patil Road",
      "city": "Pune",
      "state": "Maharashtra",
      "zip_code": "411020",
      "dob": "01-01-1980",
      "email": "admin@silicus.com",
      "phone_no": "8888888888",
      "is_admin": true
    },
    {
      "id": 1,
      "first_name": "Uma",
      "last_name": "Mehra",
      "user_name": "Kannen.Sharma",
      "password": "dS1GR6C8yqDEL9h",
      "address": "30092 Bhaves Springs",
      "city": "Kapoorfurt",
      "state": "Tamil Nadu",
      "zip_code": "F5W 9E6",
      "dob": "1990-06-05T11:20:03.469Z",
      "email": "Dwaipayana_Tagore80@yahoo.co.in",
      "phone_no": "+91-170-6451625",
      "is_admin": false
    },
    {
      "id": 2,
      "first_name": "Nalini",
      "last_name": "Iyengar",
      "user_name": "Krishna_Ahuja93",
      "password": "O46J_TLKPAqsql2",
      "address": "653 Agarwal Ports",
      "city": "Bhaaswarberg",
      "state": "Madya Pradesh",
      "zip_code": "S1A 1B5",
      "dob": "1990-08-07T13:27:46.659Z",
      "email": "Bhilangana_Chattopadhyay16@yahoo.co.in",
      "phone_no": "+91-053-7079052",
      "is_admin": false
    },
    {
      "id": 3,
      "first_name": "Mangalya",
      "last_name": "Gill",
      "user_name": "Deeksha.Butt",
      "password": "m_2ANDbG8JjlCDt",
      "address": "71285 Govinda Light",
      "city": "West Deevakarview",
      "state": "Dadar and Nagar Haveli",
      "zip_code": "N4B 3N0",
      "dob": "1983-11-01T00:53:05.335Z",
      "email": "Manikya.Kaur65@gmail.com",
      "phone_no": "+914896102244",
      "is_admin": false
    },
    {
      "id": 4,
      "first_name": "Prasanna",
      "last_name": "Desai",
      "user_name": "Shanti16",
      "password": "Oli_zj8rXUiuOj3",
      "address": "273 Mohinder Summit",
      "city": "Kaurmouth",
      "state": "Rajasthan",
      "zip_code": "T5B 8Q2",
      "dob": "1986-09-15T20:34:16.873Z",
      "email": "Girja12@yahoo.co.in",
      "phone_no": "+912777146662",
      "is_admin": false
    },
    {
      "id": 5,
      "first_name": "Jai",
      "last_name": "Trivedi",
      "user_name": "Swapnil48",
      "password": "2zqoODzmjgnrwrE",
      "address": "87280 Trivedi Fort",
      "city": "Port Dwaipayan",
      "state": "Gujarat",
      "zip_code": "N4Z 6X8",
      "dob": "1984-04-10T03:39:30.397Z",
      "email": "Bandhu_Marar84@hotmail.com",
      "phone_no": "+919624468964",
      "is_admin": false
    },
    {
      "id": 6,
      "first_name": "Chaturaanan",
      "last_name": "Guha",
      "user_name": "Shresthi92",
      "password": "uyrmzBnAmK7ye3W",
      "address": "790 Sinha Locks",
      "city": "Jaishire",
      "state": "Assam",
      "zip_code": "D1V 5H6",
      "dob": "1980-11-02T22:51:07.489Z",
      "email": "Kanak_Chaturvedi79@gmail.com",
      "phone_no": "+91684-428-5628",
      "is_admin": false
    },
    {
      "id": 7,
      "first_name": "Ahilya",
      "last_name": "Varrier",
      "user_name": "Vidhya29",
      "password": "6UafCLvw4AaHg9a",
      "address": "27558 Dipali Spring",
      "city": "Kanishkaton",
      "state": "Bihar",
      "zip_code": "L1Z 3E8",
      "dob": "1986-12-01T22:55:34.750Z",
      "email": "Kamlesh.Trivedi@hotmail.com",
      "phone_no": "+91927-614-5406",
      "is_admin": false
    },
    {
      "id": 8,
      "first_name": "Kanchan",
      "last_name": "Pandey",
      "user_name": "Anilabh_Bhattacharya",
      "password": "vPsSwaxoC1ywmn0",
      "address": "7088 Namboothiri Mission",
      "city": "Brahmaside",
      "state": "Tripura",
      "zip_code": "K9B 5H4",
      "dob": "1981-11-12T03:02:53.915Z",
      "email": "Vaishvi.Adiga51@yahoo.co.in",
      "phone_no": "+91466-312-3621",
      "is_admin": false
    },
    {
      "id": 9,
      "first_name": "Abhisyanta",
      "last_name": "Deshpande",
      "user_name": "Inder.Varma68",
      "password": "kiYAtMQ8deQdR_O",
      "address": "610 Mukul Fall",
      "city": "New Shashi",
      "state": "Gujarat",
      "zip_code": "D1I 4E1",
      "dob": "1982-04-11T00:58:04.603Z",
      "email": "Krishna75@yahoo.co.in",
      "phone_no": "+91771-689-9231",
      "is_admin": false
    },
    {
      "id": 10,
      "first_name": "Swara",
      "last_name": "Khan",
      "user_name": "Kannen.Dhawan",
      "password": "pspfEdi_2n4R5I1",
      "address": "451 Panicker Turnpike",
      "city": "Mahajantown",
      "state": "Andaman and Nicobar Islands",
      "zip_code": "W0X 0R4",
      "dob": "1985-05-18T06:17:41.920Z",
      "email": "Akula63@hotmail.com",
      "phone_no": "+916531088479",
      "is_admin": false
    },
    {
      "id": 11,
      "first_name": "Adheesh",
      "last_name": "Bhat",
      "user_name": "Narayan.Desai",
      "password": "Fu412aEfdKEjLck",
      "address": "54381 Khan Trail",
      "city": "South Basanti",
      "state": "Manipur",
      "zip_code": "W5B 2J5",
      "dob": "1983-12-15T12:11:23.984Z",
      "email": "Prasad_Nayar84@yahoo.co.in",
      "phone_no": "+916294527064",
      "is_admin": false
    },
    {
      "id": 12,
      "first_name": "Sheela",
      "last_name": "Menon",
      "user_name": "Kailash.Deshpande50",
      "password": "I65u97K92s5J2Pa",
      "address": "2323 Marar Trail",
      "city": "East Adityanandan",
      "state": "Daman and Diu",
      "zip_code": "H9C 7A4",
      "dob": "1983-03-11T01:32:32.968Z",
      "email": "Akshita_Johar@yahoo.co.in",
      "phone_no": "+91971-676-4968",
      "is_admin": false
    },
    {
      "id": 13,
      "first_name": "Akshat",
      "last_name": "Varma",
      "user_name": "Ghanashyam87",
      "password": "RD2fMdf4enx7kHD",
      "address": "26491 Chattopadhyay Tunnel",
      "city": "East Giriraj",
      "state": "Rajasthan",
      "zip_code": "K6D 8G7",
      "dob": "1988-08-09T18:55:13.253Z",
      "email": "Bhisham_Kocchar55@hotmail.com",
      "phone_no": "+918254695241",
      "is_admin": false
    },
    {
      "id": 14,
      "first_name": "Radha",
      "last_name": "Joshi",
      "user_name": "Vedanshi20",
      "password": "aLiT2cCvpKavezi",
      "address": "838 Chidananda Keys",
      "city": "Bandopadhyayfurt",
      "state": "Gujarat",
      "zip_code": "O5Q 6I2",
      "dob": "1990-06-17T00:56:04.779Z",
      "email": "Dhanu.Gowda@hotmail.com",
      "phone_no": "+917554977155",
      "is_admin": false
    },
    {
      "id": 15,
      "first_name": "Eshita",
      "last_name": "Gill",
      "user_name": "Dhruv.Bhattacharya",
      "password": "HI_Etp4IXuhnSHg",
      "address": "055 Elakshi Club",
      "city": "North Anshula",
      "state": "Chandigarh",
      "zip_code": "L5C 3S0",
      "dob": "1987-02-06T16:32:50.325Z",
      "email": "Laal.Kaul@gmail.com",
      "phone_no": "+91293-973-0627",
      "is_admin": false
    },
    {
      "id": 16,
      "first_name": "Bhagirathi",
      "last_name": "Verma",
      "user_name": "Deependra.Kaniyar",
      "password": "LxnbOnjMi6tnEsZ",
      "address": "5317 Guha Ramp",
      "city": "Koccharshire",
      "state": "Goa",
      "zip_code": "A3M 5E2",
      "dob": "1990-02-04T20:24:10.954Z",
      "email": "Aadinath.Chopra53@gmail.com",
      "phone_no": "+91-920-4352980",
      "is_admin": false
    },
    {
      "id": 17,
      "first_name": "Bhishma",
      "last_name": "Mehrotra",
      "user_name": "Vasudha75",
      "password": "moEH6i43H1C9XSB",
      "address": "1771 Kakkar Trail",
      "city": "East Analtown",
      "state": "Maharashtra",
      "zip_code": "B4K 1R8",
      "dob": "1982-06-06T01:36:04.116Z",
      "email": "Naval68@hotmail.com",
      "phone_no": "+91-953-8854879",
      "is_admin": false
    },
    {
      "id": 18,
      "first_name": "Tanya",
      "last_name": "Bandopadhyay",
      "user_name": "Amish5",
      "password": "fNGgmsrNfPJI3uq",
      "address": "7488 Shukla Pines",
      "city": "Gurdevview",
      "state": "Haryana",
      "zip_code": "W2C 6B2",
      "dob": "1981-02-21T16:53:51.449Z",
      "email": "Deeptanshu82@hotmail.com",
      "phone_no": "+910358460354",
      "is_admin": false
    },
    {
      "id": 19,
      "first_name": "Mangala",
      "last_name": "Sharma",
      "user_name": "Kamlesh_Dutta",
      "password": "qkNO1Fl0EL2kUQX",
      "address": "351 Nambeesan Burgs",
      "city": "Ratishire",
      "state": "Andra Pradesh",
      "zip_code": "Q3H 5P6",
      "dob": "1981-07-27T21:37:39.571Z",
      "email": "Chandini76@yahoo.co.in",
      "phone_no": "+91947-977-8259",
      "is_admin": false
    },
    {
      "id": 20,
      "first_name": "Manik",
      "last_name": "Butt",
      "user_name": "Anilaabh_Kakkar",
      "password": "v_StzljTZ7l0dQs",
      "address": "21693 Mangala Garden",
      "city": "Port Chakravarteeton",
      "state": "Lakshadweep",
      "zip_code": "Q8S 0Q6",
      "dob": "1987-05-24T19:39:48.652Z",
      "email": "Brahmaanand.Saini@yahoo.co.in",
      "phone_no": "+919421587788",
      "is_admin": false
    },
    {
      "id": 21,
      "first_name": "Chandranath",
      "last_name": "Desai",
      "user_name": "Vaijayanti_Kocchar58",
      "password": "wuzKJnglBPjm8sA",
      "address": "757 Javas Roads",
      "city": "New Bhilangana",
      "state": "Dadar and Nagar Haveli",
      "zip_code": "O6V 5P9",
      "dob": "1982-09-12T10:30:33.687Z",
      "email": "Diptendu.Varman@yahoo.co.in",
      "phone_no": "+91-037-3709838",
      "is_admin": false
    },
    {
      "id": 22,
      "first_name": "Avadhesh",
      "last_name": "Jain",
      "user_name": "Shakti.Guha95",
      "password": "bWQWMUEFzvXKPec",
      "address": "25623 Tandon Hills",
      "city": "Kakkartown",
      "state": "Assam",
      "zip_code": "Z0F 6N8",
      "dob": "1982-04-23T21:31:37.139Z",
      "email": "Kamla_Khan@hotmail.com",
      "phone_no": "+914403040672",
      "is_admin": false
    },
    {
      "id": 23,
      "first_name": "Bhagirathi",
      "last_name": "Guneta",
      "user_name": "Devi46",
      "password": "rdkbKw6zQ1e0CUA",
      "address": "55809 Rana Plains",
      "city": "Sinhafort",
      "state": "Himachal Pradesh",
      "zip_code": "E8Z 3U3",
      "dob": "1990-10-25T12:16:51.947Z",
      "email": "Mayoor_Nayar98@hotmail.com",
      "phone_no": "+911733962868",
      "is_admin": false
    },
    {
      "id": 24,
      "first_name": "Mukesh",
      "last_name": "Kaniyar",
      "user_name": "Bhaasvan_Pilla",
      "password": "6NQIe56oVtlV5xY",
      "address": "569 Guha Mountain",
      "city": "East Bhishammouth",
      "state": "Punjab",
      "zip_code": "T3F 3E2",
      "dob": "1988-03-16T04:29:30.687Z",
      "email": "Chandradev_Arora@hotmail.com",
      "phone_no": "+91-560-4312786",
      "is_admin": false
    },
    {
      "id": 25,
      "first_name": "Rati",
      "last_name": "Abbott",
      "user_name": "Deepali.Nehru2",
      "password": "LJXIdsznShzKuZ0",
      "address": "723 Bharadwaj Route",
      "city": "Durgaport",
      "state": "Arunachal Pradesh",
      "zip_code": "E1A 9R7",
      "dob": "1986-05-27T20:28:55.856Z",
      "email": "Aadinath65@hotmail.com",
      "phone_no": "+91-697-0660342",
      "is_admin": false
    },
    {
      "id": 26,
      "first_name": "Ravi",
      "last_name": "Joshi",
      "user_name": "Suryakant28",
      "password": "1YpAwOG81GvRyVb",
      "address": "073 Gatik Creek",
      "city": "East Agnimitra",
      "state": "Lakshadweep",
      "zip_code": "E7O 8E2",
      "dob": "1990-10-09T05:52:56.563Z",
      "email": "Agnivesh_Varma@gmail.com",
      "phone_no": "+91-508-4256029",
      "is_admin": false
    },
    {
      "id": 27,
      "first_name": "Tara",
      "last_name": "Marar",
      "user_name": "Gauranga_Chopra",
      "password": "fD7thuRsy4RjDj9",
      "address": "03458 Bandopadhyay Avenue",
      "city": "Subhashton",
      "state": "Rajasthan",
      "zip_code": "M1B 8I8",
      "dob": "1981-07-10T22:57:17.881Z",
      "email": "Gitanjali_Ahuja@yahoo.co.in",
      "phone_no": "+91778-502-2366",
      "is_admin": false
    },
    {
      "id": 28,
      "first_name": "Vedanga",
      "last_name": "Jha",
      "user_name": "Meghnad69",
      "password": "ebI_cLhQjmEsc6Z",
      "address": "786 Chopra Cape",
      "city": "Acharyaview",
      "state": "Nagaland",
      "zip_code": "I3A 7R7",
      "dob": "1982-04-27T10:44:04.618Z",
      "email": "Rupinder66@yahoo.co.in",
      "phone_no": "+91-093-0186147",
      "is_admin": false
    },
    {
      "id": 29,
      "first_name": "Subhashini",
      "last_name": "Agarwal",
      "user_name": "Subhasini_Menon",
      "password": "EzGExvU_ppFD0FY",
      "address": "1638 Mandakini Drive",
      "city": "East Brijesh",
      "state": "Rajasthan",
      "zip_code": "T3G 7P2",
      "dob": "1981-06-05T00:34:03.341Z",
      "email": "Sanya16@yahoo.co.in",
      "phone_no": "+91594-198-2592",
      "is_admin": false
    },
    {
      "id": 30,
      "first_name": "Anang",
      "last_name": "Gowda",
      "user_name": "Ekalavya96",
      "password": "p9fQVPIeXbx6fPw",
      "address": "101 Guneta Haven",
      "city": "East Vrindaton",
      "state": "Karnataka",
      "zip_code": "V5A 7I5",
      "dob": "1983-11-13T08:17:29.407Z",
      "email": "Geetanjali.Sethi@yahoo.co.in",
      "phone_no": "+91314-949-2694",
      "is_admin": false
    },
    {
      "id": 31,
      "first_name": "Bhaanumati",
      "last_name": "Kocchar",
      "user_name": "Trilokesh.Panicker",
      "password": "R509lE0EsQ8H04G",
      "address": "708 Achari Plains",
      "city": "New Gotum",
      "state": "Dadar and Nagar Haveli",
      "zip_code": "B6H 2O5",
      "dob": "1984-08-18T10:06:38.133Z",
      "email": "Archan_Kapoor@hotmail.com",
      "phone_no": "+91-553-9021092",
      "is_admin": false
    },
    {
      "id": 32,
      "first_name": "Leela",
      "last_name": "Agarwal",
      "user_name": "Ganaka20",
      "password": "JSV03VCibem8HIL",
      "address": "337 Gandharv Inlet",
      "city": "Chattopadhyayberg",
      "state": "Rajasthan",
      "zip_code": "X2K 5A0",
      "dob": "1990-12-22T12:17:32.629Z",
      "email": "Suma_Talwar98@yahoo.co.in",
      "phone_no": "+910229022135",
      "is_admin": false
    },
    {
      "id": 33,
      "first_name": "Niranjan",
      "last_name": "Kapoor",
      "user_name": "Mohana.Guha13",
      "password": "Ke5L8kAO4EMsIA5",
      "address": "7936 Pilla Parkways",
      "city": "East Deeptimay",
      "state": "West Bengal",
      "zip_code": "T1I 7L6",
      "dob": "1990-10-10T15:28:52.699Z",
      "email": "Nalini.Nair36@yahoo.co.in",
      "phone_no": "+918360362817",
      "is_admin": false
    },
    {
      "id": 34,
      "first_name": "Lakshmi",
      "last_name": "Dubashi",
      "user_name": "Bhamini.Iyer",
      "password": "k9U5UUKmgET7xc4",
      "address": "0423 Mehra Via",
      "city": "East Chandraprabha",
      "state": "Dadar and Nagar Haveli",
      "zip_code": "N2U 5O6",
      "dob": "1982-03-30T16:25:04.584Z",
      "email": "Suma_Dhawan@gmail.com",
      "phone_no": "+917182169575",
      "is_admin": false
    },
    {
      "id": 35,
      "first_name": "Sitara",
      "last_name": "Dutta",
      "user_name": "Jahnu.Chaturvedi",
      "password": "70KgSoonVWUVfUc",
      "address": "25438 Acharya Squares",
      "city": "Panickerbury",
      "state": "Jammu and Kashmir",
      "zip_code": "L2H 9A9",
      "dob": "1982-09-22T17:40:39.129Z",
      "email": "Trilokanath_Rana@hotmail.com",
      "phone_no": "+91-285-1011702",
      "is_admin": false
    },
    {
      "id": 36,
      "first_name": "Dhana",
      "last_name": "Khan",
      "user_name": "Radha57",
      "password": "54TPCyuOuPSytAD",
      "address": "7225 Arnesh Track",
      "city": "Premaport",
      "state": "Himachal Pradesh",
      "zip_code": "H4U 4E0",
      "dob": "1980-07-12T23:38:15.285Z",
      "email": "Abhaya.Kakkar77@yahoo.co.in",
      "phone_no": "+918705600742",
      "is_admin": false
    },
    {
      "id": 37,
      "first_name": "Chandra",
      "last_name": "Shah",
      "user_name": "Mahesh_Pilla",
      "password": "2EbVM9irBUQR0ae",
      "address": "32658 Sumitra Orchard",
      "city": "Chakravartitown",
      "state": "Meghalaya",
      "zip_code": "I8H 9N0",
      "dob": "1983-08-05T15:22:53.854Z",
      "email": "Krishnadasa65@hotmail.com",
      "phone_no": "+91035-497-9347",
      "is_admin": false
    },
    {
      "id": 38,
      "first_name": "Himadri",
      "last_name": "Mehra",
      "user_name": "Elakshi.Patil38",
      "password": "oo4L5gAmucBCxxV",
      "address": "351 Ramesh Falls",
      "city": "Lake Shivakariborough",
      "state": "Uttaranchal",
      "zip_code": "H9W 3S8",
      "dob": "1985-06-14T07:57:57.867Z",
      "email": "Leela.Embranthiri@hotmail.com",
      "phone_no": "+91374-063-0207",
      "is_admin": false
    },
    {
      "id": 39,
      "first_name": "Dharani",
      "last_name": "Tandon",
      "user_name": "Anshula85",
      "password": "_ke1pqy8KaziJbW",
      "address": "56905 Durgeshwari Springs",
      "city": "Vermamouth",
      "state": "Gujarat",
      "zip_code": "J1R 1W4",
      "dob": "1980-05-03T01:30:13.367Z",
      "email": "Chandramohan_Sethi@hotmail.com",
      "phone_no": "+912876433214",
      "is_admin": false
    },
    {
      "id": 40,
      "first_name": "Bhooshan",
      "last_name": "Pandey",
      "user_name": "Anusuya.Namboothiri62",
      "password": "dDBaNCuxQ7NWXSP",
      "address": "7425 Gowda Isle",
      "city": "Gowdafurt",
      "state": "Delhi",
      "zip_code": "H3H 9A4",
      "dob": "1984-04-21T07:14:12.601Z",
      "email": "Balgopal55@hotmail.com",
      "phone_no": "+91-075-2179074",
      "is_admin": false
    },
    {
      "id": 41,
      "first_name": "Jagadish",
      "last_name": "Bharadwaj",
      "user_name": "Avadhesh_Malik",
      "password": "D2r1OB1Qa6kZptp",
      "address": "27906 Mehra Fields",
      "city": "Mehraburgh",
      "state": "Uttaranchal",
      "zip_code": "R7L 0I3",
      "dob": "1986-10-25T14:22:47.505Z",
      "email": "Sloka1@yahoo.co.in",
      "phone_no": "+91-542-9159013",
      "is_admin": false
    },
    {
      "id": 42,
      "first_name": "Swapnil",
      "last_name": "Sinha",
      "user_name": "Arnesh.Pillai",
      "password": "fO_JWFRcfgVALA2",
      "address": "213 Varma Curve",
      "city": "North Apsaraburgh",
      "state": "Goa",
      "zip_code": "X3X 7Q6",
      "dob": "1987-09-03T23:21:01.260Z",
      "email": "Vishwamitra_Mehrotra29@hotmail.com",
      "phone_no": "+91-715-8662235",
      "is_admin": false
    },
    {
      "id": 43,
      "first_name": "Chandravati",
      "last_name": "Mishra",
      "user_name": "Rageshwari_Kapoor76",
      "password": "MQHJw23UbRTIljJ",
      "address": "05803 Swami Mount",
      "city": "East Lila",
      "state": "Manipur",
      "zip_code": "Q6A 8Q5",
      "dob": "1988-11-04T22:53:26.711Z",
      "email": "Ankal.Ganaka78@yahoo.co.in",
      "phone_no": "+916154629898",
      "is_admin": false
    },
    {
      "id": 44,
      "first_name": "Anand Swarup",
      "last_name": "Nair",
      "user_name": "Shresthi.Ganaka",
      "password": "INriTzmFk9BeOMs",
      "address": "985 Ankal Station",
      "city": "East Malati",
      "state": "Jammu and Kashmir",
      "zip_code": "K6I 9C3",
      "dob": "1981-08-21T16:41:16.798Z",
      "email": "Chidaatma_Prajapat98@gmail.com",
      "phone_no": "+91-846-9850800",
      "is_admin": false
    },
    {
      "id": 45,
      "first_name": "Enakshi",
      "last_name": "Adiga",
      "user_name": "Deeptiman.Pothuvaal95",
      "password": "SO6PnLXkWnjAm7A",
      "address": "44840 Kocchar Isle",
      "city": "Lake Abhaya",
      "state": "Nagaland",
      "zip_code": "K1H 4V7",
      "dob": "1987-02-09T14:37:12.597Z",
      "email": "Rakesh70@yahoo.co.in",
      "phone_no": "+916682797726",
      "is_admin": false
    },
    {
      "id": 46,
      "first_name": "Tarun",
      "last_name": "Bhattacharya",
      "user_name": "Hiranmay54",
      "password": "_HPGPT3aGn1BjZS",
      "address": "128 Yogendra Passage",
      "city": "Port Chandravatiburgh",
      "state": "Manipur",
      "zip_code": "I5N 6T5",
      "dob": "1989-01-19T09:43:35.196Z",
      "email": "Anandamayi.Namboothiri63@hotmail.com",
      "phone_no": "+91-697-5832425",
      "is_admin": false
    },
    {
      "id": 47,
      "first_name": "Padma",
      "last_name": "Bharadwaj",
      "user_name": "Tara96",
      "password": "uJJFn8udyZjvHgc",
      "address": "0389 Bhat Parkway",
      "city": "Gatikhaven",
      "state": "Goa",
      "zip_code": "O3C 1O0",
      "dob": "1980-11-19T19:17:10.495Z",
      "email": "Tapan_Mishra85@yahoo.co.in",
      "phone_no": "+91077-882-4940",
      "is_admin": false
    },
    {
      "id": 48,
      "first_name": "Daevika",
      "last_name": "Gowda",
      "user_name": "Kumuda.Mehrotra",
      "password": "dBIRwAqu7lIswOf",
      "address": "595 Devagya Square",
      "city": "South Birjeshhaven",
      "state": "Delhi",
      "zip_code": "O6M 5L6",
      "dob": "1989-06-02T23:37:57.581Z",
      "email": "Aalok_Butt@gmail.com",
      "phone_no": "+91-112-2944182",
      "is_admin": false
    },
    {
      "id": 49,
      "first_name": "Vaijayanti",
      "last_name": "Pothuvaal",
      "user_name": "Shakti_Gupta",
      "password": "u9Payrd3g9YUMoq",
      "address": "360 Chopra Forks",
      "city": "New Asha",
      "state": "Chandigarh",
      "zip_code": "R8A 9J4",
      "dob": "1985-07-16T03:55:57.556Z",
      "email": "Chanda.Asan97@gmail.com",
      "phone_no": "+91211-196-7667",
      "is_admin": false
    }
  ]
}